code,quantity
FWC00,0
FWC01,0
FWC02,0
FWC03,0
FWC04,0
FWC05,0
FWC06,0
FWC07,0
FWC08,0
MEX1,0
MEX2,2
MEX3,1
MEX4,0
MEX5,0
MEX6,0
MEX7,1
MEX8,0
MEX9,0
MEX10,1
MEX11,1
MEX12,1
MEX13,0
MEX14,0
MEX15,0
MEX16,0
MEX17,0
MEX18,0
MEX19,0
MEX20,0
RSA1,1
RSA2,0
RSA3,0
RSA4,0
RSA5,1
RSA6,2
RSA7,1
RSA8,0
RSA9,2
RSA10,0
RSA11,1
RSA12,0
RSA13,0
RSA14,3
RSA15,0
RSA16,1
RSA17,0
RSA18,1
RSA19,1
RSA20,0
KOR1,0
KOR2,1
KOR3,1
KOR4,1
KOR5,0
KOR6,1
KOR7,1
KOR8,0
KOR9,0
KOR10,0
KOR11,0
KOR12,0
KOR13,0
KOR14,0
KOR15,0
KOR16,0
KOR17,0
KOR18,0
KOR19,1
KOR20,0
CZE1,0
CZE2,1
CZE3,1
CZE4,2
CZE5,0
CZE6,1
CZE7,0
CZE8,1
CZE9,0
CZE10,1
CZE11,1
CZE12,0
CZE13,0
CZE14,0
CZE15,0
CZE16,0
CZE17,1
CZE18,2
CZE19,1
CZE20,1
CAN1,0
CAN2,0
CAN3,0
CAN4,0
CAN5,0
CAN6,1
CAN7,0
CAN8,0
CAN9,0
CAN10,1
CAN11,0
CAN12,1
CAN13,0
CAN14,0
CAN15,1
CAN16,1
CAN17,0
CAN18,2
CAN19,2
CAN20,2
BIH1,0
BIH2,0
BIH3,0
BIH4,0
BIH5,0
BIH6,0
BIH7,0
BIH8,0
BIH9,1
BIH10,1
BIH11,1
BIH12,0
BIH13,1
BIH14,2
BIH15,1
BIH16,1
BIH17,1
BIH18,0
BIH19,1
BIH20,0
QAT1,0
QAT2,0
QAT3,0
QAT4,0
QAT5,1
QAT6,0
QAT7,0
QAT8,0
QAT9,1
QAT10,0
QAT11,1
QAT12,0
QAT13,1
QAT14,1
QAT15,0
QAT16,1
QAT17,0
QAT18,1
QAT19,0
QAT20,1
SUI1,1
SUI2,0
SUI3,0
SUI4,1
SUI5,0
SUI6,0
SUI7,0
SUI8,3
SUI9,1
SUI10,2
SUI11,1
SUI12,1
SUI13,0
SUI14,1
SUI15,1
SUI16,1
SUI17,0
SUI18,1
SUI19,0
SUI20,1
BRA1,1
BRA2,0
BRA3,0
BRA4,1
BRA5,0
BRA6,0
BRA7,0
BRA8,1
BRA9,1
BRA10,0
BRA11,0
BRA12,1
BRA13,0
BRA14,0
BRA15,0
BRA16,0
BRA17,0
BRA18,0
BRA19,1
BRA20,0
MAR1,1
MAR2,0
MAR3,0
MAR4,1
MAR5,1
MAR6,0
MAR7,0
MAR8,1
MAR9,1
MAR10,0
MAR11,1
MAR12,2
MAR13,0
MAR14,2
MAR15,0
MAR16,1
MAR17,1
MAR18,0
MAR19,2
MAR20,1
HAI1,0
HAI2,0
HAI3,1
HAI4,1
HAI5,1
HAI6,0
HAI7,0
HAI8,1
HAI9,1
HAI10,0
HAI11,0
HAI12,1
HAI13,0
HAI14,2
HAI15,0
HAI16,0
HAI17,1
HAI18,0
HAI19,0
HAI20,1
SCO1,0
SCO2,1
SCO3,1
SCO4,2
SCO5,0
SCO6,0
SCO7,0
SCO8,2
SCO9,0
SCO10,0
SCO11,0
SCO12,1
SCO13,0
SCO14,0
SCO15,0
SCO16,0
SCO17,0
SCO18,0
SCO19,1
SCO20,1
USA1,0
USA2,1
USA3,0
USA4,1
USA5,0
USA6,1
USA7,0
USA8,0
USA9,0
USA10,1
USA11,0
USA12,1
USA13,0
USA14,0
USA15,0
USA16,1
USA17,1
USA18,2
USA19,2
USA20,1
PAR1,0
PAR2,0
PAR3,0
PAR4,2
PAR5,1
PAR6,0
PAR7,0
PAR8,2
PAR9,1
PAR10,0
PAR11,0
PAR12,1
PAR13,1
PAR14,1
PAR15,0
PAR16,0
PAR17,2
PAR18,1
PAR19,0
PAR20,0
AUS1,0
AUS2,0
AUS3,1
AUS4,0
AUS5,0
AUS6,0
AUS7,1
AUS8,0
AUS9,1
AUS10,0
AUS11,0
AUS12,3
AUS13,1
AUS14,0
AUS15,0
AUS16,1
AUS17,0
AUS18,0
AUS19,0
AUS20,1
TUR1,0
TUR2,0
TUR3,0
TUR4,0
TUR5,0
TUR6,0
TUR7,0
TUR8,0
TUR9,0
TUR10,1
TUR11,1
TUR12,1
TUR13,0
TUR14,1
TUR15,0
TUR16,0
TUR17,1
TUR18,1
TUR19,2
TUR20,2
GER1,1
GER2,1
GER3,0
GER4,1
GER5,0
GER6,1
GER7,0
GER8,1
GER9,1
GER10,1
GER11,0
GER12,0
GER13,0
GER14,1
GER15,1
GER16,0
GER17,0
GER18,0
GER19,1
GER20,1
CUW1,1
CUW2,0
CUW3,0
CUW4,0
CUW5,1
CUW6,1
CUW7,0
CUW8,0
CUW9,0
CUW10,1
CUW11,0
CUW12,1
CUW13,0
CUW14,1
CUW15,1
CUW16,0
CUW17,0
CUW18,0
CUW19,1
CUW20,0
CIV1,0
CIV2,0
CIV3,0
CIV4,1
CIV5,1
CIV6,0
CIV7,1
CIV8,3
CIV9,1
CIV10,0
CIV11,1
CIV12,3
CIV13,0
CIV14,1
CIV15,0
CIV16,1
CIV17,0
CIV18,1
CIV19,1
CIV20,1
ECU1,0
ECU2,0
ECU3,1
ECU4,1
ECU5,0
ECU6,0
ECU7,0
ECU8,1
ECU9,2
ECU10,1
ECU11,1
ECU12,0
ECU13,0
ECU14,0
ECU15,2
ECU16,2
ECU17,1
ECU18,0
ECU19,2
ECU20,1
NED1,2
NED2,0
NED3,0
NED4,0
NED5,0
NED6,0
NED7,1
NED8,1
NED9,0
NED10,0
NED11,1
NED12,0
NED13,0
NED14,0
NED15,0
NED16,1
NED17,1
NED18,1
NED19,0
NED20,2
JPN1,0
JPN2,0
JPN3,1
JPN4,1
JPN5,0
JPN6,0
JPN7,0
JPN8,1
JPN9,1
JPN10,1
JPN11,1
JPN12,0
JPN13,0
JPN14,0
JPN15,1
JPN16,0
JPN17,1
JPN18,1
JPN19,1
JPN20,0
SWE1,0
SWE2,1
SWE3,0
SWE4,1
SWE5,0
SWE6,0
SWE7,1
SWE8,1
SWE9,0
SWE10,1
SWE11,0
SWE12,0
SWE13,0
SWE14,0
SWE15,0
SWE16,0
SWE17,0
SWE18,0
SWE19,0
SWE20,0
TUN1,0
TUN2,0
TUN3,1
TUN4,0
TUN5,1
TUN6,0
TUN7,1
TUN8,0
TUN9,1
TUN10,1
TUN11,1
TUN12,1
TUN13,0
TUN14,0
TUN15,1
TUN16,2
TUN17,1
TUN18,1
TUN19,0
TUN20,1
BEL1,1
BEL2,0
BEL3,0
BEL4,0
BEL5,1
BEL6,1
BEL7,0
BEL8,0
BEL9,0
BEL10,1
BEL11,0
BEL12,0
BEL13,0
BEL14,0
BEL15,1
BEL16,0
BEL17,0
BEL18,1
BEL19,1
BEL20,0
EGY1,2
EGY2,0
EGY3,0
EGY4,1
EGY5,0
EGY6,0
EGY7,0
EGY8,0
EGY9,0
EGY10,0
EGY11,1
EGY12,0
EGY13,0
EGY14,0
EGY15,0
EGY16,1
EGY17,2
EGY18,2
EGY19,0
EGY20,1
IRN1,0
IRN2,1
IRN3,1
IRN4,1
IRN5,0
IRN6,0
IRN7,2
IRN8,1
IRN9,0
IRN10,0
IRN11,2
IRN12,1
IRN13,0
IRN14,0
IRN15,0
IRN16,2
IRN17,1
IRN18,0
IRN19,0
IRN20,1
NZL1,1
NZL2,0
NZL3,1
NZL4,0
NZL5,0
NZL6,0
NZL7,0
NZL8,0
NZL9,0
NZL10,0
NZL11,0
NZL12,0
NZL13,0
NZL14,0
NZL15,0
NZL16,0
NZL17,0
NZL18,0
NZL19,0
NZL20,0
ESP1,0
ESP2,1
ESP3,0
ESP4,0
ESP5,0
ESP6,0
ESP7,1
ESP8,1
ESP9,0
ESP10,0
ESP11,1
ESP12,0
ESP13,0
ESP14,1
ESP15,1
ESP16,0
ESP17,0
ESP18,0
ESP19,0
ESP20,0
CPV1,1
CPV2,0
CPV3,0
CPV4,1
CPV5,0
CPV6,0
CPV7,1
CPV8,1
CPV9,0
CPV10,0
CPV11,0
CPV12,0
CPV13,0
CPV14,0
CPV15,0
CPV16,1
CPV17,0
CPV18,0
CPV19,0
CPV20,1
KSA1,0
KSA2,0
KSA3,0
KSA4,2
KSA5,0
KSA6,0
KSA7,0
KSA8,1
KSA9,0
KSA10,2
KSA11,1
KSA12,0
KSA13,0
KSA14,0
KSA15,1
KSA16,0
KSA17,1
KSA18,1
KSA19,2
KSA20,1
URU1,1
URU2,0
URU3,1
URU4,0
URU5,1
URU6,0
URU7,1
URU8,0
URU9,1
URU10,0
URU11,1
URU12,0
URU13,0
URU14,0
URU15,2
URU16,4
URU17,3
URU18,2
URU19,0
URU20,0
FRA1,0
FRA2,0
FRA3,1
FRA4,1
FRA5,1
FRA6,0
FRA7,0
FRA8,0
FRA9,0
FRA10,0
FRA11,1
FRA12,1
FRA13,0
FRA14,0
FRA15,1
FRA16,0
FRA17,1
FRA18,0
FRA19,1
FRA20,0
SEN1,1
SEN2,2
SEN3,1
SEN4,0
SEN5,0
SEN6,1
SEN7,1
SEN8,0
SEN9,0
SEN10,1
SEN11,0
SEN12,0
SEN13,1
SEN14,0
SEN15,2
SEN16,0
SEN17,0
SEN18,0
SEN19,1
SEN20,0
IRQ1,0
IRQ2,0
IRQ3,0
IRQ4,1
IRQ5,0
IRQ6,1
IRQ7,1
IRQ8,0
IRQ9,0
IRQ10,0
IRQ11,1
IRQ12,0
IRQ13,0
IRQ14,0
IRQ15,0
IRQ16,1
IRQ17,0
IRQ18,0
IRQ19,0
IRQ20,1
NOR1,0
NOR2,1
NOR3,1
NOR4,0
NOR5,1
NOR6,1
NOR7,1
NOR8,0
NOR9,2
NOR10,1
NOR11,0
NOR12,1
NOR13,0
NOR14,2
NOR15,0
NOR16,0
NOR17,0
NOR18,1
NOR19,0
NOR20,1
ARG1,1
ARG2,0
ARG3,0
ARG4,1
ARG5,1
ARG6,0
ARG7,0
ARG8,0
ARG9,0
ARG10,3
ARG11,2
ARG12,2
ARG13,1
ARG14,1
ARG15,1
ARG16,0
ARG17,2
ARG18,1
ARG19,1
ARG20,0
ALG1,0
ALG2,1
ALG3,0
ALG4,0
ALG5,0
ALG6,1
ALG7,3
ALG8,0
ALG9,0
ALG10,1
ALG11,0
ALG12,1
ALG13,1
ALG14,0
ALG15,1
ALG16,0
ALG17,1
ALG18,0
ALG19,1
ALG20,0
AUT1,1
AUT2,0
AUT3,0
AUT4,0
AUT5,1
AUT6,1
AUT7,1
AUT8,0
AUT9,0
AUT10,0
AUT11,1
AUT12,1
AUT13,1
AUT14,0
AUT15,0
AUT16,0
AUT17,0
AUT18,0
AUT19,0
AUT20,1
JOR1,1
JOR2,1
JOR3,0
JOR4,0
JOR5,0
JOR6,0
JOR7,1
JOR8,1
JOR9,0
JOR10,1
JOR11,1
JOR12,0
JOR13,0
JOR14,1
JOR15,1
JOR16,1
JOR17,0
JOR18,1
JOR19,1
JOR20,1
POR1,2
POR2,1
POR3,2
POR4,0
POR5,0
POR6,1
POR7,0
POR8,0
POR9,0
POR10,1
POR11,1
POR12,0
POR13,0
POR14,0
POR15,1
POR16,1
POR17,0
POR18,0
POR19,0
POR20,1
COD1,0
COD2,0
COD3,0
COD4,0
COD5,0
COD6,0
COD7,0
COD8,1
COD9,0
COD10,0
COD11,0
COD12,1
COD13,0
COD14,1
COD15,0
COD16,0
COD17,1
COD18,1
COD19,1
COD20,0
UZB1,0
UZB2,1
UZB3,0
UZB4,1
UZB5,0
UZB6,0
UZB7,0
UZB8,1
UZB9,0
UZB10,0
UZB11,0
UZB12,1
UZB13,0
UZB14,0
UZB15,0
UZB16,0
UZB17,0
UZB18,0
UZB19,0
UZB20,1
COL1,1
COL2,0
COL3,1
COL4,0
COL5,1
COL6,0
COL7,1
COL8,1
COL9,1
COL10,0
COL11,2
COL12,0
COL13,0
COL14,1
COL15,0
COL16,1
COL17,0
COL18,0
COL19,1
COL20,0
ENG1,0
ENG2,0
ENG3,1
ENG4,0
ENG5,0
ENG6,1
ENG7,0
ENG8,0
ENG9,0
ENG10,1
ENG11,1
ENG12,0
ENG13,0
ENG14,0
ENG15,0
ENG16,0
ENG17,0
ENG18,1
ENG19,1
ENG20,1
CRO1,0
CRO2,1
CRO3,0
CRO4,0
CRO5,0
CRO6,1
CRO7,0
CRO8,0
CRO9,1
CRO10,1
CRO11,0
CRO12,0
CRO13,0
CRO14,0
CRO15,1
CRO16,0
CRO17,0
CRO18,0
CRO19,1
CRO20,0
GHA1,0
GHA2,1
GHA3,0
GHA4,1
GHA5,0
GHA6,2
GHA7,2
GHA8,1
GHA9,0
GHA10,2
GHA11,2
GHA12,1
GHA13,0
GHA14,0
GHA15,1
GHA16,0
GHA17,0
GHA18,0
GHA19,2
GHA20,1
PAN1,0
PAN2,1
PAN3,1
PAN4,0
PAN5,0
PAN6,0
PAN7,1
PAN8,0
PAN9,0
PAN10,0
PAN11,0
PAN12,0
PAN13,1
PAN14,0
PAN15,0
PAN16,0
PAN17,0
PAN18,0
PAN19,0
PAN20,0
FWC09,0
FWC10,0
FWC11,0
FWC12,0
FWC13,0
FWC14,0
FWC15,0
FWC16,0
FWC17,0
FWC18,0
FWC19,0
CC1,1
CC2,0
CC3,1
CC4,1
CC5,1
CC6,1
CC7,1
CC8,1
CC9,0
CC10,0
CC11,0
CC12,0
CC13,0
CC14,1
R01O,0
R01P,0
R01B,0
R01L,0
R02O,0
R02P,0
R02B,0
R02L,0
R03O,0
R03P,0
R03B,0
R03L,0
R04O,0
R04P,0
R04B,0
R04L,0
R05O,0
R05P,0
R05B,0
R05L,0
R06O,0
R06P,0
R06B,0
R06L,0
R07O,0
R07P,0
R07B,0
R07L,0
R08O,0
R08P,0
R08B,0
R08L,0
R09O,0
R09P,0
R09B,0
R09L,0
R10O,0
R10P,0
R10B,0
R10L,0
R11O,0
R11P,0
R11B,0
R11L,0
R12O,0
R12P,0
R12B,0
R12L,0
R13O,0
R13P,0
R13B,0
R13L,0
R14O,0
R14P,0
R14B,0
R14L,0
R15O,0
R15P,0
R15B,0
R15L,0
R16O,0
R16P,0
R16B,0
R16L,0
R17O,0
R17P,0
R17B,0
R17L,0
R18O,0
R18P,0
R18B,0
R18L,0
R19O,0
R19P,0
R19B,0
R19L,0
R20O,0
R20P,0
R20B,0
R20L,0